id,name,animal,store_number,store_label,city,state,zip,street,lat,lng,has_photo,photo_url,submitted_by,created_at,notes,source_url
1,McQuackers,Duck,203,Lakeshore (Oakland),Oakland,CA,94610,3250 Lakeshore Ave,37.80974,-122.24425,true,/photos/001.jpg,,2026-04-24,Green-head mallard with 'McQuackers CREW MEMBER' red nametag. User-verified photo.,https://www.reddit.com/r/traderjoes/comments/1n1pwsi/mcquackers_the_duck_at_oakland_calakeshore_trader/
2,Tuskanini,Elephant,638,East Liberty (Pittsburgh),Pittsburgh,PA,15206,6343 Penn Ave,40.45924,-79.91918,false,,,2026-04-24,Long-standing named mascot. Also mentioned in Tasting Table article. Photo needed — previous image was misattributed (audit April 2026).,https://www.tastingtable.com/1256862/trader-joes-official-mascot/
3,Agnes,Cow,182,University Mall (Davis),Davis,CA,95616,885 Russell Blvd,38.54673,-121.76149,true,/photos/003.png,,2026-04-24,"Store 182. Agnes is the Davis (UC Davis) Trader Joe’s cow, wearing overalls with the Trader Joe’s hibiscus logo. She took over in 2019 from Davis the Duck — the store’s original mascot from its 2010 opening.",https://theaggie.org/2019/08/22/davis-trader-joes-adopts-new-store-mascot-agnes-the-cow/
4,Ramsay,Ram,304,Fort Collins,Fort Collins,CO,80525,"3500 S College Ave, Ste 110",40.53934,-105.07529,true,/photos/004.jpeg,,2026-04-24,CSU Rams nod.,https://www.reddit.com/r/traderjoes/comments/z1ez6m/mascot_megathread_request_looking_for_information/j6bi9rj/
5,Frank,Turtle,611,Hoboken,Hoboken,NJ,07030,1350 Willow Ave.,40.75367,-74.02995,true,/photos/005.jpeg,,2026-04-24,Store 611. Frank the Turtle is named after Frank Sinatra — fitting for Sinatra's hometown at the Hoboken Trader Joe's. Paired with Steve the Duck.,https://www.reddit.com/r/traderjoes/comments/z1ez6m/mascot_megathread_request_looking_for_information/jol15fq/
6,Steve,Duck,611,Hoboken,Hoboken,NJ,07030,1350 Willow Ave.,40.75367,-74.02995,true,/photos/006.jpeg,,2026-04-24,Store 611. Steve the Mallard Duck is named for Stevens Institute of Technology — the other half of Hoboken's Sinatra-and-Stevens mascot pair with Frank the Turtle.,https://www.reddit.com/r/traderjoes/comments/z1ez6m/mascot_megathread_request_looking_for_information/jol15fq/
7,Monte,Sea otter,204,Monterey,Monterey,CA,93940,"570 Munras Ave, Ste 20",36.59656,-121.89435,false,,,2026-04-24,Store 204. Nod to Monterey Bay sea otters. Photo needed — previous image was misattributed (audit April 2026).,https://www.reddit.com/r/traderjoes/comments/z1ez6m/mascot_megathread_request_looking_for_information/
8,Finley,Flamingo,748,Creedmoor Rd (Raleigh),Raleigh,NC,27613,8111 Creedmoor Rd,35.89795,-78.68279,true,/photos/008.png,,2026-04-24,"Store 748. Finley the Flamingo greets shoppers at the new Creedmoor Road Raleigh Trader Joe's — a pink flamingo with a blue Hawaiian lei, perched above the register near the Fearless Flyer wall mural.",https://www.reddit.com/r/traderjoes/comments/1gc35we/mascot_megathread_request_part_2_looking_for/
9,Danny,Dinosaur,352,Orem,Orem,UT,84097,440 East Park Avenue,40.27625,-111.68526,false,,,2026-04-24,,https://www.reddit.com/r/traderjoes/comments/1gc35we/mascot_megathread_request_part_2_looking_for/
10,,Black bear,740,Asheville,Asheville,NC,28801,120 Merrimon Ave,35.60305,-82.55357,false,,,2026-04-24,"Animal confirmed, name not shared.",https://www.reddit.com/r/traderjoes/comments/1gc35we/mascot_megathread_request_part_2_looking_for/
11,Haze,Parrot (cherry-headed conure),226,Hayes Valley (San Francisco),San Francisco,CA,94102,788 Laguna St,37.77811,-122.42626,false,,,2026-04-24,Nod to famous wild flock of conures in SF. Confirmed in thread.,https://www.reddit.com/r/traderjoes/comments/1gc35we/mascot_megathread_request_part_2_looking_for/
12,,Armadillo,427,1440 S Voss Rd (Houston),Houston,TX,77057,1440 South Voss Road,29.75272,-95.50167,false,,,2026-04-24,Name not shared. Photo needed — previous image was misattributed (audit April 2026).,https://www.reddit.com/r/traderjoes/comments/1gc35we/mascot_megathread_request_part_2_looking_for/
13,Chewy,Unknown,303,Greenwood Village,Greenwood Village,CO,80121,"5910 S University Blvd, Suite E1",39.6092,-104.95735,false,,,2026-04-24,Hangs out by checkouts; animal type not specified.,https://www.reddit.com/r/traderjoes/comments/1gc35we/mascot_megathread_request_part_2_looking_for/
14,Sanjay,Seahorse,284,Downtown Summerlin (Las Vegas),Las Vegas,NV,89135,"2315 Summa Dr, Ste 100",36.14553,-115.33549,true,/photos/014.png,,2026-04-24,"Store 284. Sanjay the Seahorse took over Downtown Summerlin from Flash the Sloth in late 2024 — a swirly teal-and-purple felt seahorse with a turquoise fin-mohawk, usually found keeping watch over the reusable produce bags in the organic section.",https://www.reddit.com/r/traderjoes/comments/1gc35we/mascot_megathread_request_part_2_looking_for/
15,Brioche,Toast slice,108,El Cerrito,El Cerrito,CA,94530,225 El Cerrito Plaza,37.89891,-122.29982,false,,,2026-04-24,Paired with Toastie. Used to have a lobster. Found on upper shelf above frozen breakfast.,https://www.reddit.com/r/traderjoes/comments/1gc35we/mascot_megathread_request_part_2_looking_for/
16,Toastie,Toast slice,108,El Cerrito,El Cerrito,CA,94530,225 El Cerrito Plaza,37.89891,-122.29982,false,,,2026-04-24,Paired with Brioche. Also a toast-shaped character.,https://www.reddit.com/r/traderjoes/comments/1gc35we/mascot_megathread_request_part_2_looking_for/
17,Rocky,Lobster,503,Framingham,Framingham,MA,01701,659 Worcester Rd,42.29912,-71.42523,false,,,2026-04-24,,https://www.reddit.com/r/traderjoes/comments/1gc35we/mascot_megathread_request_part_2_looking_for/
18,,Unknown,248,Hermosa Beach,Hermosa Beach,CA,90254,1100 Pacific Coast Hwy,33.86388,-118.39157,true,/photos/018.png,,2026-04-24,Sees Valentine's themed dress-up. Need full info.,https://www.reddit.com/r/traderjoes/comments/1gc35we/mascot_megathread_request_part_2_looking_for/
19,,Frog,798,Alpharetta,Alpharetta,GA,30005,1605 Halcyon Days Trail,34.10897,-84.21863,false,,,2026-04-24,New store. Name not yet shared. Photo needed — previous image was misattributed (audit April 2026).,https://www.reddit.com/r/traderjoes/comments/1gc35we/mascot_megathread_request_part_2_looking_for/
20,Trixie,Unknown,19,North Beach (San Francisco — Bay Street),San Francisco,CA,94133,401 Bay St,37.80552,-122.41374,true,/photos/020.png,,2026-04-24,"Store 19. Trixie the Bird took over the North Beach Trader Joe's from Patrick the Shark — maybe a pigeon, maybe something more exotic. Either way, San Francisco's Bay Street store has a new feathered mate.",https://www.reddit.com/r/traderjoes/comments/1gc35we/mascot_megathread_request_part_2_looking_for/
21,Beary,Polar bear,546,East Village (NYC),New York,NY,10009,436 East 14th St,40.73045,-73.981,true,/photos/021.png,,2026-04-24,"Store 546. Beary is the East Village Trader Joe’s polar bear — famous around the neighborhood, he has his own Instagram as @where_is_beary. Works the floor at 436 E 14th St alongside River the Raccoon.",https://www.reddit.com/r/traderjoes/comments/1gc35we/mascot_megathread_request_part_2_looking_for/m59y828/
22,Petra,Pigeon,539,SoHo (NYC),New York,NY,10013,233 Spring Street,40.72567,-74.00473,true,/photos/022.png,,2026-04-24,Store 539. Petra is the SoHo store’s senior pigeon — lives at 233 Spring St alongside Pedro.,https://www.reddit.com/r/traderjoes/comments/1gc35we/mascot_megathread_request_part_2_looking_for/m59y828/
23,Octavia,Octopus,542,Upper West Side (NYC),New York,NY,10023,2073 Broadway,40.77855,-73.98226,true,/photos/023.jpeg,,2026-04-24,670 Columbus Ave.,https://www.reddit.com/r/traderjoes/comments/1gc35we/mascot_megathread_request_part_2_looking_for/m59y828/
24,Carl,Pigeon,540,Union Square (NYC),New York,NY,10003,142 E 14th St,40.73337,-73.9879,true,/photos/024.png,,2026-04-24,Store 540. Carl is the Union Square Trader Joe’s resident pigeon — partner to Petra and Pedro over at the SoHo store.,https://www.reddit.com/r/traderjoes/comments/1gc35we/mascot_megathread_request_part_2_looking_for/m59y828/
25,Tux,Turtle,576,Harlem 125 (NYC),New York,NY,10027,123 W 125th St,40.81389,-73.96243,true,/photos/025.jpeg,,2026-04-24,"Store 576. Tux the Turtle presides over the Harlem Trader Joe's on 125th Street — often spotted in winter festive wear, when not tucked into the manager's station.",https://www.reddit.com/r/traderjoes/comments/1gc35we/mascot_megathread_request_part_2_looking_for/m86t1hj/
26,Huckleberry,Moose,362,Coeur d'Alene,Coeur d'Alene,ID,83814,303 E Spokane Ave,47.6879,-116.78145,true,/photos/026.jpeg,,2026-04-24,Store 362. Huckleberry the Moose hangs his hat at the Coeur d'Alene Trader Joe's — named for the wild huckleberries of North Idaho.,https://www.reddit.com/r/traderjoes/comments/1gc35we/mascot_megathread_request_part_2_looking_for/m53vjm4/
27,Taylor,Unknown,609,Millburn,Millburn,NJ,07041,187 Millburn Ave,40.723,-74.29615,true,/photos/027.png,,2026-04-24,Has a name tag. Animal type not specified.,https://www.reddit.com/r/traderjoes/comments/1gc35we/mascot_megathread_request_part_2_looking_for/
28,Boro,Fox,528,Patriot Place (Foxborough),Foxborough,MA,02035,350 Patriot Place,42.08662,-71.26927,true,/photos/028.jpeg,,2026-04-24,Store 528. Boro the Fox guards Trader Joe's at Patriot Place — a fox for Foxborough. He took over for a stuffed Tom Brady mascot when Tom left New England.,https://www.reddit.com/r/traderjoes/comments/z1ez6m/mascot_megathread_request_looking_for_information/jphx676/
29,Garbanzo,Red fox,727,Shoreview,Shoreview,MN,55126,1041 Red Fox Rd,45.05799,-93.14473,true,/photos/29.jpg,,2026-04-24,"Store 727. Garbanzo the Fox slinks through the Shoreview Minnesota Trader Joe's — named for the chickpea, naturally.",https://www.reddit.com/r/traderjoes/comments/1gc35we/mascot_megathread_request_part_2_looking_for/
30,Pepper,Platypus,272,East Vancouver,Vancouver,WA,98683,16701 Mill Plain Blvd,45.61625,-122.50002,true,/photos/030.png,,2026-04-24,Store 272. Pepper the Platypus won a community mascot vote at the East Vancouver Trader Joe's — and she's been having babies ever since.,https://www.reddit.com/r/traderjoes/comments/1gc35we/mascot_megathread_request_part_2_looking_for/
31,Angel,Bull / Longhorn,178,Santa Rosa,Santa Rosa,CA,95407,2100 Santa Rosa Ave,38.41752,-122.71205,true,/photos/31.jpg,,2026-04-24,"Angel the Bull was the mascot at a Santa Rosa Trader Joe's — named for a real bull who survived the 2017 Tubbs Fire. The real Angel has since passed away, and his mascot has too.",https://www.reddit.com/r/traderjoes/comments/1gc35we/mascot_megathread_request_part_2_looking_for/
32,,Unknown,456,Coppell,Coppell,TX,75019,120 S Denton Tap Rd.,32.96822,-96.99223,false,,,2026-04-24,New store. Mascot sighting linked from separate Reddit post.,https://www.reddit.com/r/traderjoes/comments/1gc35we/mascot_megathread_request_part_2_looking_for/
33,Meatball,Gopher,653,Foggy Bottom (DC),Washington,DC,20037,1101 25th Street NW,38.90409,-77.05302,true,/photos/033.png,,2026-04-24,"Meatball the Gopher is associated with the DC metro area — if you know which DMV-area store he lives at, submit! Currently pinned to Foggy Bottom as a best guess.",https://www.reddit.com/r/traderjoes/comments/1gc35we/mascot_megathread_request_part_2_looking_for/
34,Mingo,Flamingo,771,Delray Beach,Delray Beach,FL,33483,"1851 S Federal Hwy, Ste 500",26.43892,-80.0701,true,/photos/034.png,,2026-04-24,Store 771. Mingo the Flamingo lounges at the Delray Beach Trader Joe's — a little pink flamingo perfectly at home in South Florida.,https://www.reddit.com/r/traderjoes/comments/1gc35we/mascot_megathread_request_part_2_looking_for/
35,Ringo,Raccoon,214,Claremont,Claremont,CA,91711,475 W Foothill Blvd,34.10739,-117.72203,true,/photos/035.jpeg,,2026-04-24,Store 214. Ringo the Raccoon keeps an eye on the Claremont Trader Joe's — and dresses up for every holiday.,https://www.reddit.com/r/traderjoes/comments/1gc35we/mascot_megathread_request_part_2_looking_for/lxpfwy2/
36,Mocha,Horse / Mare,774,Wellington,Wellington,FL,33414,2877 South State Rd 7,26.63776,-80.20411,true,/photos/36.jpg,,2026-04-24,"Store 774. Mocha the Mare watches over the Wellington Trader Joe's — often spotted in seasonal getups, like her signature orange Halloween tutu.",https://www.reddit.com/r/traderjoes/comments/1gc35we/mascot_megathread_request_part_2_looking_for/
38,Hopster,Unknown,635,Ardmore,Ardmore,PA,19003,112 Coulter Ave,40.00728,-75.2866,true,/photos/038.png,,2026-04-24,Gets dressed up (had a mask in 2020).,https://www.reddit.com/r/traderjoes/comments/1gc35we/mascot_megathread_request_part_2_looking_for/
39,Jo-Jo,Tiger,76,Stockton,Stockton,CA,95207,6535 Pacific Ave,38.00913,-121.32282,true,/photos/039.jpeg,,2026-04-24,Store 76. Jo-Jo the Tiger is Stockton's mascot at Trader Joe's.,https://www.reddit.com/r/traderjoes/comments/1gc35we/mascot_megathread_request_part_2_looking_for/ltqmi2u/
40,Willie,Colonial figure,657,Williamsburg,Williamsburg,VA,23188,5000 Settlers Market Blvd,37.27713,-76.74778,true,/photos/040.webp,,2026-04-24,"Store 657. A Colonial Williamsburg-style — tricorn hat, purple coat, green breeches.",https://www.reddit.com/r/traderjoes/comments/z1ez6m/mascot_megathread_request_looking_for_information/
41,Stephen,Seagull,350,Downtown Salt Lake City,Salt Lake City,UT,84102,634 East 400 South,40.75967,-111.8726,true,/photos/041.png,,2026-04-24,Named after Steven Seagal; seagulls are Utah's state bird.,https://www.reddit.com/r/traderjoes/comments/z1ez6m/mascot_megathread_request_looking_for_information/
42,Gooseberry,Goose,791,Morrisville,Morrisville,NC,27560,951 Morrisville Parkway,35.80947,-78.81765,true,/photos/042.png,,2026-04-24,Store 791. Gooseberry the Goose rules the Morrisville Trader Joe's.,https://www.reddit.com/r/traderjoes/comments/z1ez6m/mascot_megathread_request_looking_for_information/
43,Fennel,Fox,741,Cary,Cary,NC,27511,1393 Kildaire Farm Rd,35.7589,-78.78154,true,/photos/043.webp,,2026-04-24,,https://www.reddit.com/r/traderjoes/comments/z1ez6m/mascot_megathread_request_looking_for_information/
44,Ramses,Ram,745,Chapel Hill,Chapel Hill,NC,27514,1800 E Franklin St,35.93693,-79.02508,false,,,2026-04-24,UNC mascot. Photo needed — previous image was not correct.,https://www.reddit.com/r/traderjoes/comments/z1ez6m/mascot_megathread_request_looking_for_information/
45,Arnold,Avocado,750,Greensboro,Greensboro,NC,27410,3721 Battleground Ave.,36.13129,-79.85777,true,/photos/045.webp,,2026-04-24,,https://www.reddit.com/r/traderjoes/comments/z1ez6m/mascot_megathread_request_looking_for_information/
46,TJ,Squirrel,749,Winston Salem,Winston Salem,NC,27103,252 South Stratford Road,36.09276,-80.2816,false,,,2026-04-24,Also mentioned as a brown teddy bear.,https://www.reddit.com/r/traderjoes/comments/z1ez6m/mascot_megathread_request_looking_for_information/
47,Sammy,Seahawk,747,Wilmington,Wilmington,NC,28403,1437 S College Rd,34.21077,-77.88576,true,/photos/047.webp,,2026-04-24,,https://www.reddit.com/r/traderjoes/comments/z1ez6m/mascot_megathread_request_looking_for_information/
48,Ollie,Octopus,194,Long Beach (Bellflower),Long Beach,CA,90815,2222 North Bellflower Blvd,33.79678,-118.1229,true,/photos/048.png,,2026-04-24,,https://www.reddit.com/r/traderjoes/comments/z1ez6m/mascot_megathread_request_looking_for_information/
49,Billy,Monkey,23,Carmel Mountain Ranch (San Diego),San Diego,CA,92128,11955 Carmel Mountain Rd,32.98211,-117.07505,true,/photos/049.png,,2026-04-24,Store 23. Billy the Monkey swings above the Carmel Mountain Ranch Trader Joe's.,https://www.reddit.com/r/traderjoes/comments/z1ez6m/mascot_megathread_request_looking_for_information/
50,Joanna,Toucan,13,Santa Clarita (Bouquet Canyon),Santa Clarita,CA,91350,26517 Bouquet Canyon Rd,34.42857,-118.53828,true,/photos/050.png,,2026-04-24,"Store 13. Joanna the Toucan is the mascot at the Santa Clarita (formerly often called ""Valencia"") Trader Joe's on Bouquet Canyon Rd.",https://www.reddit.com/r/traderjoes/comments/z1ez6m/mascot_megathread_request_looking_for_information/
52,Dixie,Dolphin,241,Huntington Beach (Brookhurst),Huntington Beach,CA,92646,21431 Brookhurst St,33.65184,-117.95413,true,/photos/052.webp,,2026-04-24,Store 241. Dixie the Dolphin dives around the Huntington Beach Trader Joe's on Brookhurst Street.,https://www.reddit.com/r/traderjoes/comments/z1ez6m/mascot_megathread_request_looking_for_information/
53,Octavia,Octopus,157,West Seattle,Seattle,WA,98116,4545 Fauntleroy Way SW,47.56193,-122.38103,true,/photos/053.webp,,2026-04-24,,https://www.reddit.com/r/traderjoes/comments/z1ez6m/mascot_megathread_request_looking_for_information/
55,Iggy,Lion,33,Westchester (Los Angeles),Westchester,CA,90045,8645 S Sepulveda,33.95874,-118.39666,false,,,2026-04-24,LMU mascot. Photo needed — previous image was misattributed (audit April 2026).,https://www.reddit.com/r/traderjoes/comments/z1ez6m/mascot_megathread_request_looking_for_information/
56,Piper,Sandpiper,784,Ft Myers,Fort Myers,FL,33907,4983 S. Cleveland Avenue,26.58717,-81.86964,false,,,2026-04-24,Store 784.,https://www.reddit.com/r/traderjoes/comments/z1ez6m/mascot_megathread_request_looking_for_information/
57,Lucky,Chicken,713,Maple Grove,Maple Grove,MN,55369,12105 Elm Creek Blvd N,45.09219,-93.43409,true,/photos/057.jpeg,,2026-04-24,Store 713. Paired with Maple the maple-leaf mascot.,https://www.reddit.com/r/traderjoes/comments/z1ez6m/mascot_megathread_request_looking_for_information/jvddrcx/
59,Archie,Mammoth,722,Lincoln,Lincoln,NE,68516,"3120 Pine Lake Rd, Ste R",40.7426,-96.67455,false,,,2026-04-24,"Store 722. Archie roams the Lincoln, NE store — an homage to the Archie of his namesake: the world’s largest Columbian mammoth, unearthed in western Nebraska and now on display at the University of Nebraska State Museum. A photo of our Archie is still being arranged.",https://www.reddit.com/r/traderjoes/comments/z1ez6m/mascot_megathread_request_looking_for_information/
61,Pickles,Panda,26,Hillcrest (San Diego),San Diego,CA,92103,"1090 University Avenue, Ste G100-107",32.74988,-117.15382,true,/photos/061.jpeg,,2026-04-24,,https://www.reddit.com/r/traderjoes/comments/z1ez6m/mascot_megathread_request_looking_for_information/k2omrz8/
62,Ruby,Raccoon,787,Chattanooga,Chattanooga,TN,37421,2111 Gunbarrel Road,35.03285,-85.1547,true,/photos/062.png,,2026-04-24,Store 787. Ruby the Raccoon forages through the Chattanooga Tennessee Trader Joe's.,https://www.reddit.com/r/traderjoes/comments/z1ez6m/mascot_megathread_request_looking_for_information/
63,Stroopy,Cow,673,Kettering,Kettering,OH,45429,328 East Stroop Rd,39.68844,-84.16628,false,,,2026-04-24,,https://www.reddit.com/r/traderjoes/comments/z1ez6m/mascot_megathread_request_looking_for_information/
64,Sky,Owl,172,Folsom,Folsom,CA,95630,850 East Bidwell,38.67244,-121.15591,true,/photos/064.png,,2026-04-24,Store 172. Sky the Owl keeps watch over the Folsom California Trader Joe's from her perch above the aisles.,https://www.reddit.com/r/traderjoes/comments/z1ez6m/mascot_megathread_request_looking_for_information/
65,Fiona,Horse,628,Louisville,Louisville,KY,40207,"4600 Shelbyville Rd, Ste 111",38.25009,-85.63137,true,/photos/065.jpeg,,2026-04-24,"Store 628. Fiona the Horse charms the Louisville Trader Joe's — always dressed up, from vampire at Halloween to seasonal finery year-round.",https://www.reddit.com/r/traderjoes/comments/z1ez6m/mascot_megathread_request_looking_for_information/k1m7wui/
66,Percy,Parrot,547,Brooklyn (Gold Street),Brooklyn,NY,11201,445 Gold St,40.69099,-73.98292,false,,,2026-04-24,Photo needed — previous image was misattributed (audit April 2026).,https://www.reddit.com/r/traderjoes/comments/z1ez6m/mascot_megathread_request_looking_for_information/
67,Timber Joe,Timberwolf,710,St. Louis Park,St. Louis Park,MN,55416,4500 Excelsior Blvd,44.93459,-93.3374,true,/photos/067.png,,2026-04-24,"Store 710. Timber Joe watches over the St. Louis Park Trader Joe's — a little lumberjack, right at home in Minnesota.",https://www.reddit.com/r/traderjoes/comments/z1ez6m/mascot_megathread_request_looking_for_information/
68,TJ,Tiger,763,Tallahassee,Tallahassee,FL,32309,"3425 Thomasville Rd, Unit 19",30.50323,-84.24986,false,,,2026-04-24,,https://www.reddit.com/r/traderjoes/comments/z1ez6m/mascot_megathread_request_looking_for_information/
69,Howie,Hippo,723,Leawood,Leawood,KS,66209,4201 W 119th St,38.91243,-94.63575,true,/photos/069.png,,2026-04-24,Store 723. Howie the Hippo wallows through the Leawood Kansas Trader Joe's in a Hawaiian shirt.,https://www.reddit.com/r/traderjoes/comments/z1ez6m/mascot_megathread_request_looking_for_information/
70,Waldo,Walrus,720,Kansas City,Kansas City,MO,64114,8600 Ward Pkwy,38.97067,-94.60684,true,/photos/070.jpeg,,2026-04-24,Store 720. Waldo the Walrus hangs around the baked goods at Kansas City's Trader Joe's.,https://www.reddit.com/r/traderjoes/comments/z1ez6m/mascot_megathread_request_looking_for_information/jwoeihz/
71,Tilly,Tiger,169,Tigard,Tigard,OR,97224,16200 SW Pacific Hwy,45.40366,-122.79657,false,,,2026-04-24,Photo needed — previous image was misattributed (audit April 2026).,https://www.reddit.com/r/traderjoes/comments/z1ez6m/mascot_megathread_request_looking_for_information/
72,Coco,Quahog,518,Warwick,Warwick,RI,02886,1000 Bald Hill Rd,41.71242,-71.48717,true,/photos/072.png,,2026-04-24,Store 518. Coco the Quahog — Rhode Island's beloved bivalve — represents Warwick at Trader Joe's.,https://www.reddit.com/r/traderjoes/comments/z1ez6m/mascot_megathread_request_looking_for_information/
73,Snappy,Dragon,406,Southlake,Southlake,TX,76092,1492 E Southlake Blvd,32.94133,-97.12942,true,/photos/073.jpeg,,2026-04-24,Store 406. Snappy the Dragon breathes quietly over the Southlake TX Trader Joe's.,https://www.reddit.com/r/traderjoes/comments/z1ez6m/mascot_megathread_request_looking_for_information/jvxryte/
75,Rocky,Rock Dove / Pigeon,231,Rockridge (Oakland),Oakland,CA,94618,5727 College Ave,37.84556,-122.25281,false,,,2026-04-24,Photo needed — previous image was misattributed (audit April 2026).,https://www.reddit.com/r/traderjoes/comments/z1ez6m/mascot_megathread_request_looking_for_information/
76,Clementine,Cougar,601,Westfield,Westfield,NJ,07090,155 Elm St,40.65222,-74.35,true,/photos/076.png,,2026-04-24,"Store 601. Clementine the Cougar prowls the Westfield NJ Trader Joe's — paired with Leopold the Lobster, making Westfield a rare two-mascot store.",https://www.reddit.com/r/traderjoes/comments/z1ez6m/mascot_megathread_request_looking_for_information/
77,Leopold,Lobster,601,Westfield,Westfield,NJ,07090,155 Elm St,40.65222,-74.35,true,/photos/077.png,,2026-04-24,Store 601. Leopold the Lobster is Clementine the Cougar's surf-and-turf companion at the Westfield NJ Trader Joe's.,https://www.reddit.com/r/traderjoes/comments/z1ez6m/mascot_megathread_request_looking_for_information/
78,Javier,Javelina,282,Phoenix Paradise Valley,Phoenix,AZ,85028,4726 East Shea Blvd,33.58331,-111.97903,true,/photos/078.jpeg,,2026-04-24,"Store 282. Javier the Javelina took over Paradise Valley from Penelope the Peacock, who retired. One of several Arizona javelina mascots keeping the spirit of the Sonoran Desert alive.",https://www.reddit.com/r/traderjoes/comments/z1ez6m/mascot_megathread_request_looking_for_information/jsho9ex/
79,Pepperjack,Race horse,242,Cypress,Cypress,CA,90720,5245 Katella Ave.,33.80321,-118.04149,true,/photos/079.png,,2026-04-24,"Store 242. Pepperjack the Racehorse gallops above the dairy case at the Cypress Trader Joe's — next door to Los Alamitos Race Course, perfectly on-brand.",https://www.reddit.com/r/traderjoes/comments/z1ez6m/mascot_megathread_request_looking_for_information/
80,Ice,Polar bear,661,Charlottesville,Charlottesville,VA,22901,2025 Bond St.,38.06298,-78.49149,true,/photos/80.jpg,,2026-04-24,Store 661. Ice is the mascot of the Charlottesville Virginia Trader Joe's.,https://www.reddit.com/r/traderjoes/comments/z1ez6m/mascot_megathread_request_looking_for_information/
81,Chomps,Alligator,633,Jenkintown,Jenkintown,PA,19046,933 Old York Rd,40.10841,-75.1222,false,,,2026-04-24,,https://www.reddit.com/r/traderjoes/comments/z1ez6m/mascot_megathread_request_looking_for_information/
82,Flo,Flamingo,712,Madison,Madison,WI,53711,1810 Monroe St,43.06499,-89.41754,true,/photos/082.jpeg,,2026-04-24,Store 712. Flo the Flamingo adds a splash of pink to the Madison Wisconsin Trader Joe's.,https://www.reddit.com/r/traderjoes/comments/z1ez6m/mascot_megathread_request_looking_for_information/js3u85p/
83,Mike,Tiger,754,Baton Rouge,Baton Rouge,LA,70808,3535 Perkins Rd,30.42241,-91.1536,true,/photos/083.png,,2026-04-24,"Store 754. Mike is the Baton Rouge store’s tiger, named for the live Mike the Tiger at Louisiana State University — the only live tiger living on a U.S. college campus. Seen wearing a blue floral mask during the pandemic.",https://www.reddit.com/r/traderjoes/comments/z1ez6m/mascot_megathread_request_looking_for_information/jfsfm6h/
84,Hamilton,Pig,669,Cincinnati,Cincinnati,OH,45236,7788 Montgomery Rd,39.19733,-84.3817,false,,,2026-04-24,Cincinnati was 'Porkopolis'; named for Hamilton County and the Flying Pig Marathon. Photo needed — previous image was misattributed (audit April 2026).,https://www.reddit.com/r/traderjoes/comments/z1ez6m/mascot_megathread_request_looking_for_information/
85,Axel,Axolotl,617,Denville,Denville,NJ,07834,3056 State Route 10 West,40.86618,-74.50632,false,,,2026-04-24,Previously a Viking-lion combo. Kids vote.,https://www.reddit.com/r/traderjoes/comments/z1ez6m/mascot_megathread_request_looking_for_information/
87,Vinny,Sea lion,205,Marina del Rey,Marina Del Rey,CA,90292,4675 Admiralty Way,33.97956,-118.44123,true,/photos/087.png,,2026-04-24,Lurks by vegetables; nod to main harbor.,https://www.reddit.com/r/traderjoes/comments/z1ez6m/mascot_megathread_request_looking_for_information/
88,Phil,Parrot,114,Camarillo,Camarillo,CA,93010,363 Carmen Dr,34.21985,-119.05322,false,,,2026-04-24,Store 114. Photo needed — previous image was misattributed.,https://www.reddit.com/r/traderjoes/comments/z1ez6m/mascot_megathread_request_looking_for_information/
89,Barnabus,Javelina,92,Surprise,Surprise,AZ,85374,14095 W Grand Ave,33.65138,-112.3674,true,/photos/089.png,,2026-04-24,"Store 92. Barnabus the Javelina rules the Surprise Arizona Trader Joe's — one of the AZ javelina family (alongside Javi at Gilbert and Glendale, and Javier at Paradise Valley).",https://www.reddit.com/r/traderjoes/comments/z1ez6m/mascot_megathread_request_looking_for_information/
90,Cosmo,Space dog,574,Halfmoon,Halfmoon,NY,12065,3 Halfmoon Crossing Blvd,42.85915,-73.76531,true,/photos/090.png,,2026-04-24,Store 574. Cosmo the Space Dog keeps watch over the Halfmoon New York Trader Joe's — galaxies above the produce section.,https://www.reddit.com/r/traderjoes/comments/z1ez6m/mascot_megathread_request_looking_for_information/
91,Ollie,Otter,123,Walnut Creek,Walnut Creek,CA,94596,1372 S California Blvd,37.89314,-122.06057,true,/photos/091.png,,2026-04-24,Store 123. Ollie the Otter spends most mornings floating above the frozen section at the Walnut Creek store.,https://www.reddit.com/r/traderjoes/comments/z1ez6m/mascot_megathread_request_looking_for_information/
92,Ozzy,Otter,24,La Mesa / Grossmont,La Mesa,CA,91942,5495 Grossmont Center Dr,32.7793,-117.00561,true,/photos/092.jpeg,,2026-04-24,Store 24.,https://www.reddit.com/r/traderjoes/comments/z1ez6m/mascot_megathread_request_looking_for_information/jlm67z2/
93,Banjo,Bear,126,Mission Viejo,Mission Viejo,CA,92692,25410 Marguerite Pkwy,33.59305,-117.65843,true,/photos/093.jpg,,2026-04-24,Store 126. Banjo the Bear lumbers around the Mission Viejo Trader Joe's.,https://app.carlos.plus/Extras/Bay-Area-TJs
94,Joey,Turtle,731,Sandy Springs,Sandy Springs,GA,30328,6277 Roswell Road NE,33.92624,-84.3781,true,/photos/094.png,,2026-04-24,Store 731. Joey the Turtle paddles through the Sandy Springs Georgia Trader Joe's.,https://www.reddit.com/r/traderjoes/comments/z1ez6m/mascot_megathread_request_looking_for_information/
95,Grace,Giraffe,305,Colorado Springs,Colorado Springs,CO,80918,5342 N Nevada Ave,38.90728,-104.81728,true,/photos/095.jpeg,,2026-04-24,Named for Cheyenne Mountain Zoo giraffe herd. Has a sister giraffe on the sign.,https://www.reddit.com/r/traderjoes/comments/z1ez6m/mascot_megathread_request_looking_for_information/jfsaf00/
96,Edgar,Eagle,724,Bloomington,Bloomington,MN,55435,4270 W 78th St,44.85924,-93.33277,true,/photos/096.png,,2026-04-24,Store 724. Edgar the Eagle soars over the Bloomington Minnesota Trader Joe's.,https://www.reddit.com/r/traderjoes/comments/z1ez6m/mascot_megathread_request_looking_for_information/
97,Jawny,Raccoon,634,Philadelphia (Market & 22nd),Philadelphia,PA,19103,2121 Market St,39.95418,-75.17597,true,/photos/097.png,,2026-04-24,Store 618. Jawny presides over a Philadelphia Trader Joe's — the name alone is classic Philly.,https://www.reddit.com/r/traderjoes/comments/z1ez6m/mascot_megathread_request_looking_for_information/
98,Filbert,Duck,507,Nashua,Nashua,NH,03060,262 Daniel Webster HWY,42.70801,-71.43842,true,/photos/098.png,,2026-04-24,Store 507. Filbert the Duck has been sitting proud at the Nashua New Hampshire Trader Joe's since 2016.,https://www.reddit.com/r/traderjoes/comments/z1ez6m/mascot_megathread_request_looking_for_information/
99,Mandy,Monkey,247,Agoura Hills,Agoura Hills,CA,91301,28941 Canwood St,34.14644,-118.75665,true,/photos/099.jpg,,2026-04-24,"Store 247. Mandy the Monkey swings through the Agoura Hills store, keeping an eye on the snack aisle.",https://app.carlos.plus/Extras/Bay-Area-TJs
100,Paisley,Porcupine,725,Minneapolis,Minneapolis,MN,55415,"721 Washington Ave S, Suite 101",44.97646,-93.2582,true,/photos/100.jpeg,,2026-04-24,Store 725. Paisley the Porcupine pokes around the Minneapolis Trader Joe's — spiky but friendly.,https://www.reddit.com/r/traderjoes/comments/z1ez6m/mascot_megathread_request_looking_for_information/jirnlpz/
101,Olly,Octopus,656,Newport News,Newport News,VA,23602,12551 Jefferson Ave,37.13094,-76.51648,true,/photos/101.jpeg,,2026-04-24,Store 656. Olly the Octopus keeps watch over the card and stationery section at the Newport News store.,https://www.reddit.com/r/traderjoes/comments/z1ez6m/mascot_megathread_request_looking_for_information/
102,Herky,Hornet,175,Sacramento (Folsom Blvd),Sacramento,CA,95819,5000 Folsom Blvd,38.5604,-121.44481,true,/photos/102.jpeg,,2026-04-24,Store 175. Herky the Hornet buzzes through the Folsom Blvd Sacramento Trader Joe's — a nod to Sacramento State's fighting hornet mascot.,https://www.reddit.com/r/traderjoes/comments/z1ez6m/mascot_megathread_request_looking_for_information/jipth92/
103,Schmooli,Shark,556,Lake Grove,Lake Grove,NY,11755,2085 Smith Haven Plaza,40.86864,-73.1281,true,/photos/103.jpeg,,2026-04-24,Store 556. Schmooli the Shark rules the Lake Grove Long Island Trader Joe's.,https://www.reddit.com/r/traderjoes/comments/z1ez6m/mascot_megathread_request_looking_for_information/jimub35/
104,Ozzy,Octopus,702,Evanston,Evanston,IL,60202,1211 Chicago Avenue,42.03978,-87.68003,true,/photos/104.jpeg,,2026-04-24,Purple octopus.,https://www.reddit.com/r/traderjoes/comments/z1ez6m/mascot_megathread_request_looking_for_information/jhut69g/
105,Tiramisu,Turtle,529,Stamford,Stamford,CT,06905,1041 High Ridge Rd,41.1069,-73.54731,true,/photos/105.jpeg,,2026-04-24,Store 529. Tiramisu the Turtle takes her sweet time around the Stamford Connecticut Trader Joe's.,https://www.reddit.com/r/traderjoes/comments/z1ez6m/mascot_megathread_request_looking_for_information/jhjq1ub/
106,Kody,Koala,63,Old Almaden (San Jose),San Jose,CA,95118,5353 Almaden Expressway #J-38,37.25156,-121.87923,true,/photos/106.jpeg,,2026-04-24,Store 63. Kody the Koala hangs out at the San Jose Old Almaden Trader Joe's.,https://www.reddit.com/r/traderjoes/comments/z1ez6m/mascot_megathread_request_looking_for_information/jgz9qtz/
107,Joe,Chicken,732,Marietta,Marietta,GA,30062,4250 Roswell Road,33.9833,-84.42633,false,,,2026-04-24,Photo needed — previous image was misattributed (audit April 2026).,https://www.reddit.com/r/traderjoes/comments/z1ez6m/mascot_megathread_request_looking_for_information/
108,Alex and Mark,Monkey (x2),734,Peachtree Corners (Norcross),Norcross,GA,30092,"5185 Peachtree Pkwy, Ste 101",33.97918,-84.21956,false,,,2026-04-24,,https://www.reddit.com/r/traderjoes/comments/z1ez6m/mascot_megathread_request_looking_for_information/
109,Teddy Joe,Black teddy bear,733,Roswell,Roswell,GA,30075,635 W Crossville Rd,34.05934,-84.37963,false,,,2026-04-24,Photo needed — previous image was misattributed (audit April 2026).,https://www.reddit.com/r/traderjoes/comments/z1ez6m/mascot_megathread_request_looking_for_information/
110,Animal,Muppet / Animal,192,West Hollywood (Sunset Blvd),Los Angeles,CA,90046,8000 W Sunset Blvd,34.0976,-118.36523,false,,,2026-04-24,Store 192. Muppet-themed.,https://www.reddit.com/r/traderjoes/comments/z1ez6m/mascot_megathread_request_looking_for_information/
111,James Gull,Seagull,79,Pacific Grove,Pacific Grove,CA,93950,1170 Forest Ave,36.60558,-121.92193,false,,,2026-04-24,Named after late employee James Gill. Photo needed — previous image was misattributed (audit April 2026).,https://www.reddit.com/r/traderjoes/comments/z1ez6m/mascot_megathread_request_looking_for_information/
112,Gully Joe,Seagull,532,Larchmont,Larchmont,NY,10538,1260 Boston Post Rd,40.93836,-73.74645,false,,,2026-04-24,,https://www.reddit.com/r/traderjoes/comments/z1ez6m/mascot_megathread_request_looking_for_information/
113,Danny,Dolphin,619,Ashburn,Ashburn,VA,20147,44755 Brimfield Dr,39.05038,-77.45273,true,/photos/113.jpeg,,2026-04-24,Store 619. Danny the Dolphin leaps through the Ashburn Virginia Trader Joe's.,https://www.reddit.com/r/traderjoes/comments/z1ez6m/mascot_megathread_request_looking_for_information/jfn0229/
114,Maizy,Wolverine,678,Ann Arbor,Ann Arbor,MI,48104,2398 East Stadium Blvd,42.25841,-83.71302,true,/photos/114.webp,,2026-04-24,Store 678. Maizy the Wolverine honors the University of Michigan's fierce little mascot — a Maize-and-Blue nod at the Ann Arbor Trader Joe's.,https://www.reddit.com/r/traderjoes/comments/z1ez6m/mascot_megathread_request_looking_for_information/
116,Spaghetti,Yeti,753,Columbia (Forest Drive),Columbia,SC,29206,4516 Forest Drive,34.02003,-80.97268,false,,,2026-04-24,,https://www.reddit.com/r/traderjoes/comments/z1ez6m/mascot_megathread_request_looking_for_information/
117,Raja,Cat / Tiger,152,Clackamas (Happy Valley),Clackamas,OR,97086,9345 SE 82nd Ave,45.45586,-122.58074,true,/photos/117.jpg,,2026-04-24,Store 152. Raja the Cat rules the Clackamas Oregon Trader Joe's with feline authority.,https://www.reddit.com/r/traderjoes/comments/z1ez6m/mascot_megathread_request_looking_for_information/
118,Lex,Horse,626,Lexington,Lexington,KY,40503,2320 Nicholasville Road,38.00493,-84.51851,true,/photos/118.jpeg,,2026-04-24,Store 626. Lex the Horse is Lexington's obvious choice — the heart of Kentucky's horse country at Trader Joe's.,https://www.reddit.com/r/traderjoes/comments/z1ez6m/mascot_megathread_request_looking_for_information/j26ykfk/
119,Gnarly,Narwhal,193,Santa Cruz,Santa Cruz,CA,95060,700 Front St,36.97454,-122.0247,false,,,2026-04-24,,https://www.reddit.com/r/traderjoes/comments/z1ez6m/mascot_megathread_request_looking_for_information/
120,Wally,Walrus,215,Los Angeles,Los Angeles,CA,90064,11755 Olympic Blvd,34.03372,-118.44931,true,/photos/120.jpg,,2026-04-24,Store 215. Wally the Walrus watches over the Sawtelle / West LA Trader Joe's — often spotted napping on top of the shelves.,https://app.carlos.plus/Extras/Bay-Area-TJs
121,Felix,Fox,308,Denver,Westminster,CO,80031,9350 Sheridan Blvd,39.86678,-105.05118,true,/photos/121.jpg,,2026-04-24,"Store 308. Felix the Fox tends to the Denver Trader Joe's, slipping between the produce and the fresh flowers.",https://app.carlos.plus/Extras/Bay-Area-TJs
122,Ralphie,Buffalo,301,Boulder,Boulder,CO,80301,1906 28th St,40.02027,-105.25784,true,/photos/122.jpeg,,2026-04-24,Store 301. Ralphie the Buffalo charges around the Boulder Trader Joe's — a tribute to the University of Colorado's iconic live buffalo mascot.,https://www.reddit.com/r/traderjoes/comments/z1ez6m/mascot_megathread_request_looking_for_information/j243ajt/
123,Flick,Lark,235,Greenbrae (Marin — Redwood Hwy),Greenbrae,CA,94904,2052 Redwood Hwy,37.93786,-122.51496,false,,,2026-04-24,"Store 235. Flick the Lark lives at the Greenbrae store in Marin County, alongside companions Rob and Robin.",https://www.reddit.com/r/traderjoes/comments/z1ez6m/mascot_megathread_request_looking_for_information/
124,Hank,Octopus,66,Pleasanton,Pleasanton,CA,94588,3903 Santa Rita Road,37.69679,-121.87689,true,/photos/124.jpeg,,2026-04-24,Store 66.,https://www.reddit.com/r/traderjoes/comments/z1ez6m/mascot_megathread_request_looking_for_information/j57t1rs/
125,Myrtle,Turtle,739,Nashville (White Bridge),Nashville,TN,37205,90 White Bridge Rd,36.13073,-86.85223,true,/photos/125.jpeg,,2026-04-24,Store 739. Myrtle the Turtle paddles around the White Bridge Nashville Trader Joe's.,https://www.reddit.com/r/traderjoes/comments/z1ez6m/mascot_megathread_request_looking_for_information/j40dunr/
126,Wiggelow,Monkey,135,Queen Anne (Seattle),Seattle,WA,98109,1916 Queen Anne Ave N,47.63698,-122.35667,false,,,2026-04-24,Store 135.,https://www.reddit.com/r/traderjoes/comments/z1ez6m/mascot_megathread_request_looking_for_information/
127,Rover,Raccoon,785,Huntsville,Huntsville,AL,35806,1100 Mid City Dr NW,34.74014,-86.66557,true,/photos/127.png,,2026-04-24,Nod to Huntsville space program and 'Rocket City Trash Pandas' baseball team.,https://www.reddit.com/r/traderjoes/comments/z1ez6m/mascot_megathread_request_looking_for_information/
128,Billy,Black bear,737,Birmingham,Birmingham,AL,35243,"205 Summit Blvd, Suite 100",33.44651,-86.72929,true,/photos/128.png,,2026-04-24,Store 737. Billy the Black Bear watches over the Birmingham Alabama Trader Joe's.,https://www.reddit.com/r/traderjoes/comments/z1ez6m/mascot_megathread_request_looking_for_information/
130,Charlie,Camel,90,Phoenix (Camelback Rd),Phoenix,AZ,85016,4821 N 20th St,33.50712,-112.03781,false,,,2026-04-24,Store 90; named for Camelback Road and Camelback Mountain.,https://www.reddit.com/r/traderjoes/comments/z1ez6m/mascot_megathread_request_looking_for_information/
131,,T-Rex,36,Culver City Downtown,Culver City,CA,90232,9290 Culver Blvd,34.02523,-118.39299,false,,,2026-04-24,Store 36. Opened July 2020.,https://www.reddit.com/r/traderjoes/comments/z1ez6m/mascot_megathread_request_looking_for_information/
132,Herman,Horseshoe crab,759,Newark,Newark,DE,19702,2500 Fashion Center Blvd.,39.67101,-75.64727,true,/photos/132.jpg,,2026-04-24,Store 759. Herman the Horseshoe Crab scuttles through the Newark Delaware Trader Joe's — a fitting little fossil from Delaware Bay.,https://www.reddit.com/r/traderjoes/comments/z1ez6m/mascot_megathread_request_looking_for_information/
133,Henrietta,Hermit crab,759,Newark,Newark,DE,19702,2500 Fashion Center Blvd.,39.67101,-75.64727,true,/photos/133.png,,2026-04-24,Paired with Herman the horseshoe crab. Photo relinked from audit April 2026.,https://www.reddit.com/r/traderjoes/comments/z1ez6m/mascot_megathread_request_looking_for_information/
134,Betty,Yeti,274,Bellingham,Bellingham,WA,98226,"4255 Meridian St, Suite 200",48.79556,-122.4878,false,,,2026-04-24,Betty the Yeti hides somewhere in the Bellingham Trader Joe's — on-theme for Pacific Northwest mountain country. Photo needed.,https://www.reddit.com/r/traderjoes/comments/z1ez6m/mascot_megathread_request_looking_for_information/
135,Cat,Coyote,118,Cathedral City,Cathedral City,CA,92234,67720 E Palm Canyon Dr,33.7892,-116.48305,true,/photos/135.jpeg,,2026-04-24,Store 118. Cat the Coyote is the current Cathedral City mascot — a playful name swap from the retired Felix the Frog who wore a blue floral face mask during the pandemic.,https://www.reddit.com/r/traderjoes/comments/z1ez6m/mascot_megathread_request_looking_for_information/ja9ztcl/
136,Henrietta,Chicken,107,Petaluma,Petaluma,CA,94954,169 N McDowell Blvd,38.24804,-122.62801,true,/photos/136.jpg,,2026-04-24,"Store 191. Henrietta the Chicken struts through the Petaluma store, where the Sonoma County crew swear she keeps the morning schedule.",https://app.carlos.plus/Extras/Bay-Area-TJs
137,Hidee,Yeti / Monkey,217,Rancho Cucamonga (Haven),Rancho Cucamonga,CA,91737,6401 Haven Ave,34.13774,-117.57414,true,/photos/137.jpg,,2026-04-24,Store 217. Hidee the Yeti is the shy resident of the Rancho Cucamonga Trader Joe's on Haven Ave — hidden (hence the name) but friendly when spotted.,https://www.reddit.com/r/traderjoes/comments/z1ez6m/mascot_megathread_request_looking_for_information/
139,Parrot Joe,Parrot,162,Bellevue Downtown,Bellevue,WA,98004,416 116th Ave NE,47.61373,-122.18482,true,/photos/139.png,,2026-04-24,Store 162.,https://www.reddit.com/r/traderjoes/comments/z1ez6m/mascot_megathread_request_looking_for_information/
140,Pearl,Pearl onion,717,Eagan,Eagan,MN,55122,2065 Cliff Road,44.79023,-93.21282,true,/photos/140.jpeg,,2026-04-24,Store 717. Pearl the Pearl Onion greets shoppers at the Eagan Minnesota Trader Joe's — a pun so sweet it made it onto her nametag.,https://www.reddit.com/r/traderjoes/comments/z1ez6m/mascot_megathread_request_looking_for_information/j8knhz7/
141,Sid,Sloth,224,College Ave (near SDSU),San Diego,CA,92115,"5140 College Ave, Ste 119",32.77202,-117.07035,false,,,2026-04-24,Near San Diego State University.,https://www.reddit.com/r/traderjoes/comments/z1ez6m/mascot_megathread_request_looking_for_information/
142,Alex,Fox,511,Acton,Acton,MA,01720,145 Great Rd,42.48321,-71.41528,true,/photos/142.jpeg,,2026-04-24,Store 511. Alex the Fox trots through the Acton Massachusetts Trader Joe's.,https://www.reddit.com/r/traderjoes/comments/z1ez6m/mascot_megathread_request_looking_for_information/j7eagxm/
143,Cacahuete,Elephant,51,Pasadena (Arroyo Pkwy),Pasadena,CA,91105,610 S Arroyo Pkwy,34.13514,-118.14687,false,,,2026-04-24,'Peanut' in Spanish. This is the FIRST Trader Joe's location ever.,https://www.reddit.com/r/traderjoes/comments/z1ez6m/mascot_megathread_request_looking_for_information/
144,CaraCara,Capybara,548,Williamsburg (Brooklyn — Kent Ave),Brooklyn,NY,11249,200 Kent Ave,40.71772,-73.96468,true,/photos/144.webp,,2026-04-24,Store 548. CaraCara the Capybara presides over the Williamsburg Brooklyn Trader Joe's on Kent Avenue — named for the capybara's scientific genus.,https://www.reddit.com/r/traderjoes/comments/z1ez6m/mascot_megathread_request_looking_for_information/
145,Marvin,Pigeon,565,Long Island City,Queens,NY,11101,22-43 Jackson Ave,40.74584,-73.9462,true,/photos/145.png,,2026-04-24,,https://www.reddit.com/r/traderjoes/comments/z1ez6m/mascot_megathread_request_looking_for_information/
146,Carl,Crab,129,Lynnwood,Lynnwood,WA,98036,"19715 Highway 99, Suite 101",47.81963,-122.31377,true,/photos/146.png,,2026-04-24,"Store 129. Carl the Crab scuttles around the Lynnwood store, often spotted near the seafood counter.",https://www.reddit.com/r/traderjoes/comments/z1ez6m/mascot_megathread_request_looking_for_information/
148,Grant,Swan,88,Tucson (Grant & Swan),Tucson,AZ,85712,4766 E Grant Rd,32.24978,-110.89094,true,/photos/148.jpeg,,2026-04-24,Named for Grant Rd. | Photo needed — previous image did not match.,https://www.reddit.com/r/traderjoes/comments/z1ez6m/mascot_megathread_request_looking_for_information/j6c88ck/
150,Moto,Monkey,149,Tanasbourne (Hillsboro),Hillsboro,OR,97124,2285 NW 185th Ave,45.53662,-122.86961,true,/photos/150.jpeg,,2026-04-24,Store 149. Moto the Monkey swings around the Tanasbourne Beaverton Trader Joe's — often spotted in festive holiday gear with a candy cane.,https://www.reddit.com/r/traderjoes/comments/z1ez6m/mascot_megathread_request_looking_for_information/j6105f2/
151,Bella,Pig,561,Allston,Allston,MA,02134,199 N Harvard St,42.36352,-71.12984,true,/photos/151.jpeg,,2026-04-24,Store 561.,https://www.reddit.com/r/traderjoes/comments/z1ez6m/mascot_megathread_request_looking_for_information/j5vqe8i/
153,Nene,Goose,718,Rochester,Rochester,MN,55902,1200 16th St SW,44.00036,-92.48126,true,/photos/153.jpeg,,2026-04-24,Store 718. Nene the Goose honks through the Rochester Minnesota Trader Joe's.,https://www.reddit.com/r/traderjoes/comments/z1ez6m/mascot_megathread_request_looking_for_information/j51os4n/
154,Sammy,Sea otter / sea lion,514,Hyannis,Hyannis,MA,02601,"655 Iyannough Road Rt 132, Unit 4-A",41.65955,-70.27501,true,/photos/154.webp,,2026-04-24,Store 514. Sammy the sea lion watches over the Hyannis Trader Joe's on Cape Cod — dressed up with a little scarf.,https://www.reddit.com/r/traderjoes/comments/z1ez6m/mascot_megathread_request_looking_for_information/
155,JoeJoe,Frog,404,Fort Worth,Fort Worth,TX,76109,2701 S Hulen St,32.71198,-97.38513,true,/photos/155.jpeg,,2026-04-24,Store 404.,https://www.reddit.com/r/traderjoes/comments/z1ez6m/mascot_megathread_request_looking_for_information/j4ta54s/
156,Leslie,Lobster,520,Newington,Portsmouth,NH,03801,45 Gosling Rd,43.09451,-70.79955,false,,,2026-04-24,Photo needed — previous image was misattributed (audit April 2026).,https://www.reddit.com/r/traderjoes/comments/z1ez6m/mascot_megathread_request_looking_for_information/
157,Javi,Javelina,285,Gilbert,Gilbert,AZ,85295,1779 E. Williams Field Rd.,33.30605,-111.75164,true,/photos/157.png,,2026-04-24,Replaced Rocky the Roadrunner.,https://www.reddit.com/r/traderjoes/comments/z1ez6m/mascot_megathread_request_looking_for_information/
158,Pearl,Squirrel,146,NW Portland,Portland,OR,97210,2122 NW Glisan St,45.5261,-122.69516,true,/photos/158.jpeg,,2026-04-24,Store 146. Pearl the Squirrel bushytails her way through the NW Portland Trader Joe's on Glisan Street.,https://www.reddit.com/r/traderjoes/comments/z1ez6m/mascot_megathread_request_looking_for_information/j4btoza/
159,Snooty,Manatee,761,Sarasota,Sarasota,FL,34231,4101 S Tamiami Trail,27.29476,-82.53002,true,/photos/159.jpeg,,2026-04-24,Named after Snooty the manatee from the Manatee County aquarium.,https://www.reddit.com/r/traderjoes/comments/z1ez6m/mascot_megathread_request_looking_for_information/j4bczzm/
160,Javi,Javelina,85,Glendale,Glendale,AZ,85308,8078 W Bell Rd,33.64006,-112.23115,true,/photos/160.jpeg,,2026-04-24,Store 85.,https://www.reddit.com/r/traderjoes/comments/z1ez6m/mascot_megathread_request_looking_for_information/j4dazbs/
161,Ollie,Octopus,22,Oceanside,Oceanside,CA,92054,2570 Vista Way,33.18411,-117.33194,true,/photos/161.jpeg,,2026-04-24,Store 22.,https://www.reddit.com/r/traderjoes/comments/z1ez6m/mascot_megathread_request_looking_for_information/khri5fe/
162,Eldingar,Viking,147,Ballard (Seattle),Seattle,WA,98107,4609 14th Ave NW,47.66261,-122.37425,true,/photos/162.jpeg,,2026-04-24,Store 147. Eldingar the Viking reigns over the Ballard Seattle Trader Joe's — a tribute to Ballard's proud Scandinavian heritage.,https://www.reddit.com/r/traderjoes/comments/z1ez6m/mascot_megathread_request_looking_for_information/j3tferu/
163,Lil' Rocky,Rock,756,Little Rock,Little Rock,AR,72211,11500 Financial Centre Pky,34.74829,-92.40185,true,/photos/163.jpeg,,2026-04-24,Store 756.,https://www.reddit.com/r/traderjoes/comments/z1ez6m/mascot_megathread_request_looking_for_information/j40d4i7/
164,Lionel,Lion,569,Camp Hill,Camp Hill,PA,17011,3545 Gettysburg Road,40.22452,-76.93716,true,/photos/164.png,,2026-04-24,Store 569. Lionel the Lion rules the Camp Hill Trader Joe's with a quiet confidence.,https://www.reddit.com/r/traderjoes/comments/z1ez6m/mascot_megathread_request_looking_for_information/
165,Sara,Scorpion,94,Scottsdale,Scottsdale,AZ,85253,6202 N Scottsdale Rd,33.52944,-111.92758,true,/photos/165.png,,2026-04-24,Store 94. Sara the Scorpion lives high up in the Scottsdale Trader Joe's — blending into the desert aisles with her little armored tail.,https://www.reddit.com/r/traderjoes/comments/z1ez6m/mascot_megathread_request_looking_for_information/
166,Taylor,Sea turtle,188,Liberty Station (San Diego),San Diego,CA,92106,2401 Truxtun Rd,32.73596,-117.21729,true,/photos/166.png,,2026-04-24,Store 188. Point Loma area. Photo needed — previous image was misattributed (audit April 2026). Photo relinked from audit April 2026.,https://www.reddit.com/r/traderjoes/comments/z1ez6m/mascot_megathread_request_looking_for_information/
167,Larry,Lizard,210,Woodbury (Irvine),Irvine,CA,92620,6222 Irvine Blvd,33.69987,-117.74186,true,/photos/167.jpeg,,2026-04-24,Store 210. Larry the Lizard basks at the Woodbury Irvine Trader Joe's.,https://www.reddit.com/r/traderjoes/comments/z1ez6m/mascot_megathread_request_looking_for_information/j2vhmw7/
169,Sparky,Sun Devil,91,Tempe (ASU University),Tempe,AZ,85281,940 E. University Drive,33.42239,-111.92502,true,/photos/169.jpeg,,2026-04-24,ASU mascot.,https://www.reddit.com/r/traderjoes/comments/z1ez6m/mascot_megathread_request_looking_for_information/j2l8eir/
170,Ringo,Lemur,25,Encinitas,Encinitas,CA,92024,"115 N El Camino Real, Ste A",33.0471,-117.25581,false,,,2026-04-24,,https://www.reddit.com/r/traderjoes/comments/z1ez6m/mascot_megathread_request_looking_for_information/
171,Kiwi,Kiwi,223,Scripps Ranch (San Diego),San Diego,CA,92130,13480 Highlands Place,32.96114,-117.1914,false,,,2026-04-24,,https://www.reddit.com/r/traderjoes/comments/z1ez6m/mascot_megathread_request_looking_for_information/
172,Lucille,Seal,224,SDSU (San Diego),San Diego,CA,92115,"5140 College Ave, Ste 119",32.77202,-117.07035,false,,,2026-04-24,,https://www.reddit.com/r/traderjoes/comments/z1ez6m/mascot_megathread_request_looking_for_information/
173,Carmel,Race horse,205,Marina Del Rey,Marina Del Rey,CA,90292,4675 Admiralty Way,33.97956,-118.44123,false,,,2026-04-24,,https://www.reddit.com/r/traderjoes/comments/z1ez6m/mascot_megathread_request_looking_for_information/
174,Whalen and Wanda,Whales (x2),41,San Luis Obispo,San Luis Obispo,CA,93401,3977 Higuera Street,35.27891,-120.6645,false,,,2026-04-24,Store 41. Custom surfboard.,https://www.reddit.com/r/traderjoes/comments/z1ez6m/mascot_megathread_request_looking_for_information/
175,Freddie,Eagle,55,Eagle Rock (Los Angeles),Eagle Rock,CA,90041,1566 Colorado Blvd,34.13926,-118.20044,true,/photos/175.jpeg,,2026-04-24,Store 55. Freddie the Eagle soars over the Eagle Rock Los Angeles Trader Joe's — a bird in his namesake neighborhood.,https://www.reddit.com/r/traderjoes/comments/z1ez6m/mascot_megathread_request_looking_for_information/j275m4t/
176,Harry,Otter,402,Plano,Plano,TX,75093,"2400 Preston Rd, Ste 200",33.02923,-96.79282,false,,,2026-04-24,,https://www.reddit.com/r/traderjoes/comments/z1ez6m/mascot_megathread_request_looking_for_information/
177,Banjoe,Monkey,523,Fairfield,Fairfield,CT,06825,2258 Black Rock Turnpike,41.18314,-73.25317,true,/photos/177.jpeg,,2026-04-24,Store 523. Banjoe the Monkey swings around the Fairfield Connecticut Trader Joe's.,https://www.reddit.com/r/traderjoes/comments/z1ez6m/mascot_megathread_request_looking_for_information/izkxq8s/
178,Bonnie,Koala,786,Stony Point (Richmond),Richmond,VA,23235,3000 Stony Point Rd,37.5389,-77.56427,true,/photos/178.jpeg,,2026-04-24,Store 786. Bonnie the Koala dozes at the Stony Point Richmond Virginia Trader Joe's.,https://www.reddit.com/r/traderjoes/comments/z1ez6m/mascot_megathread_request_looking_for_information/izfx868/
179,Freddy,Fox,36,Fox Hills / Culver City,Culver City,CA,90232,9290 Culver Blvd,34.02523,-118.39299,false,,,2026-04-24,,https://www.reddit.com/r/traderjoes/comments/z1ez6m/mascot_megathread_request_looking_for_information/
180,Petey,Penguin,121,Torrance (Hawthorn Blvd),Torrance,CA,90503,19720 Hawthorne Blvd,33.85225,-118.35329,false,,,2026-04-24,,https://www.reddit.com/r/traderjoes/comments/z1ez6m/mascot_megathread_request_looking_for_information/
181,Pickles,Parrot,253,Santa Monica (23rd & Wilshire),Santa Monica,CA,90403,"2300 Wilshire Blvd, Ste 101",34.03337,-118.48047,false,,,2026-04-24,,https://www.reddit.com/r/traderjoes/comments/z1ez6m/mascot_megathread_request_looking_for_information/
182,Scoop and Penny,Pelicans (x2),34,Manhattan Beach (Rosecrans),Manhattan Beach,CA,90266,1821 Manhattan Beach Blvd,33.88764,-118.37989,false,,,2026-04-24,,https://www.reddit.com/r/traderjoes/comments/z1ez6m/mascot_megathread_request_looking_for_information/
183,TJ,Turtle,679,Easton (Columbus),Columbus,OH,43219,3888 Townsfair Way,40.0493,-82.91801,false,,,2026-04-24,,https://www.reddit.com/r/traderjoes/comments/z1ez6m/mascot_megathread_request_looking_for_information/
184,Craig,Sandhill crane,765,Winter Park,Winter Park,FL,32789,131 Orlando Ave.,28.59831,-81.36556,false,,,2026-04-24,,https://www.reddit.com/r/traderjoes/comments/z1ez6m/mascot_megathread_request_looking_for_information/
185,Parker,Peacock,765,Winter Park,Winter Park,FL,32789,131 Orlando Ave.,28.59831,-81.36556,false,,,2026-04-24,,https://www.reddit.com/r/traderjoes/comments/z1ez6m/mascot_megathread_request_looking_for_information/
186,Grover,Elk,190,Elk Grove,Elk Grove,CA,95757,9670 Bruceville Road,38.4066,-121.42053,false,,,2026-04-24,Opened ~2004.,https://www.reddit.com/r/traderjoes/comments/z1ez6m/mascot_megathread_request_looking_for_information/
187,SJ Sharkie,Shark,212,Coleman (San Jose),San Jose,CA,95110,635 Coleman Ave,37.34087,-121.90918,false,,,2026-04-24,Small replica of the San Jose Sharks mascot.,https://www.reddit.com/r/traderjoes/comments/z1ez6m/mascot_megathread_request_looking_for_information/
188,Peppa,Pig,640,Arlington,Arlington,VA,22201,1109 N Highland St,38.88668,-77.09464,false,,,2026-04-24,,https://www.reddit.com/r/traderjoes/comments/z1ez6m/mascot_megathread_request_looking_for_information/
189,Susan Bee Anthony,Bee,534,Rochester,Rochester,NY,14618,3349 Monroe Ave,43.10221,-77.5417,false,,,2026-04-24,Bee dressed like Susan B. Anthony.,https://www.reddit.com/r/traderjoes/comments/z1ez6m/mascot_megathread_request_looking_for_information/
190,Terry,T-Rex,91,Tempe,Tempe,AZ,85281,940 E. University Drive,33.42239,-111.92502,false,,,2026-04-24,,https://www.reddit.com/r/traderjoes/comments/z1ez6m/mascot_megathread_request_looking_for_information/
191,Maddie,Cow,163,Kent,Kent,WA,98030,12966 SE Kent-Kangley Rd,47.35959,-122.16694,false,,,2026-04-24,,https://www.reddit.com/r/traderjoes/comments/z1ez6m/mascot_megathread_request_looking_for_information/
192,Midnight,Cow,705,Schaumburg (near Woodfield Mall),Schaumburg,IL,60173,1426 E Golf Rd,42.0511,-88.04189,true,/photos/192.jpg,,2026-04-24,Store 705. Midnight the Cow rules the Schaumburg IL Trader Joe's by Woodfield Mall — they even give stickers to adults who find her.,https://www.reddit.com/r/traderjoes/comments/z1ez6m/mascot_megathread_request_looking_for_information/
193,Pronto,Longhorn,451,San Antonio (Basse Rd),San Antonio,TX,78209,350 East Basse Road,29.4967,-98.47803,false,,,2026-04-24,Paired with Josephine as a second mascot.,https://www.reddit.com/r/traderjoes/comments/z1ez6m/mascot_megathread_request_looking_for_information/
194,Seymour,Seal,20,La Jolla,La Jolla,CA,92037,8657 Villa la Jolla Dr,32.86575,-117.23173,true,/photos/194.jpg,,2026-04-24,Store 20. Seymour the Seal basks at the La Jolla Trader Joe's — La Jolla being famous for its sea lions and seals. (Predecessor: a little pirate guy named Pierre.),https://www.reddit.com/r/traderjoes/comments/z1ez6m/mascot_megathread_request_looking_for_information/
195,Holly,Hedgehog,144,Hollywood (Portland),Portland,OR,97232,4121 NE Halsey St,45.53472,-122.62082,false,,,2026-04-24," Holly replaced Sassy the Sasquatch, who returned to the forest.",https://www.reddit.com/r/traderjoes/comments/z1ez6m/mascot_megathread_request_looking_for_information/
197,JoJo,Pony,198,Novato,Novato,CA,94945,7514 Redwood Blvd,38.11185,-122.56812,true,/photos/197.jpg,,2026-04-24,San Rafael may also have a JoJo.,https://app.carlos.plus/Extras/Bay-Area-TJs
198,Nutmeg,Groundhog,658,Elkridge (Columbia),Elkridge,MD,21075,6610 Marie Curie Dr,39.18832,-76.79564,false,,,2026-04-24,,https://www.reddit.com/r/traderjoes/comments/z1ez6m/mascot_megathread_request_looking_for_information/
199,Chessie,Chessie,649,Towson,Towson,MD,21204,800 Kenilworth Drive,39.41146,-76.61923,false,,,2026-04-24,,https://www.reddit.com/r/traderjoes/comments/z1ez6m/mascot_megathread_request_looking_for_information/
200,Cashew,Panda,757,Fort Wayne,Fort Wayne,IN,46804,"4110 W. Jefferson Blvd., Suite D-2",41.07174,-85.19536,false,,,2026-04-24,,https://www.reddit.com/r/traderjoes/comments/z1ez6m/mascot_megathread_request_looking_for_information/
201,Gorilla Joe,Gorilla,698,Park Ridge,Park Ridge,IL,60068,190 N NW Highway,42.01272,-87.83236,true,/photos/201.jpeg,,2026-04-24,Store 698. Gorilla Joe — Park Ridge Illinois's beloved silverback — has his own cardboard cutout and nametag at the store.,https://www.reddit.com/r/traderjoes/comments/z1ez6m/mascot_megathread_request_looking_for_information/ji5bfw0/
202,Shelby,Sea turtle,823,Virginia Beach,Virginia Beach,VA,23462,220 Constitution Drive,36.84158,-76.12964,false,,,2026-04-24,Sometimes wears a bandana.,https://www.reddit.com/r/traderjoes/comments/z1ez6m/mascot_megathread_request_looking_for_information/
203,Wolfington,Wolf,535,Colonie,Colonie,NY,12205,79 Wolf Rd,42.71416,-73.81204,false,,,2026-04-24,Sports a Hawaiian shirt.,https://www.reddit.com/r/traderjoes/comments/z1ez6m/mascot_megathread_request_looking_for_information/
204,Iceberg,Penguin,630,South Hills (Pittsburgh),Pittsburgh,PA,15241,1630 Washington Rd,40.35135,-80.05172,false,,,2026-04-24,,https://www.reddit.com/r/traderjoes/comments/z1ez6m/mascot_megathread_request_looking_for_information/
205,Quilliam,Porcupine,624,North Hills (Pittsburgh),Pittsburgh,PA,15237,9020 Covenant Ave,40.57041,-80.02231,false,,,2026-04-24,Store 624 (McCandless / North Hills area). Quilliam the Porcupine watches over the Pittsburgh North Hills Trader Joe's.,https://www.reddit.com/r/traderjoes/comments/z1ez6m/mascot_megathread_request_looking_for_information/
206,Pearl,Parrot,53,Glendale,Glendale,CA,91207,103 E Glenoaks Blvd,34.15984,-118.25454,true,/photos/206.jpg,,2026-04-24,Store 53. Pearl the Parrot struts through the Glendale California Trader Joe's.,https://www.reddit.com/r/traderjoes/comments/z1ez6m/mascot_megathread_request_looking_for_information/
207,Banjo,Bat,452,Austin,Austin,TX,78701,"211 Walter Seaholm Dr, Ste 100",30.2675,-97.75279,true,/photos/207.jpg,,2026-04-24,Banjo the Bat rules an Austin Trader Joe's — fitting for the city that loves its Congress Avenue Bridge bat colony.,https://www.reddit.com/r/traderjoes/comments/z1ez6m/mascot_megathread_request_looking_for_information/
208,Mike,Monkey,646,Reston,Reston,VA,20194,11958 Killingsworth Ave,38.96724,-77.35905,true,/photos/208.jpeg,,2026-04-24,Store 646.,https://www.reddit.com/r/traderjoes/comments/z1ez6m/mascot_megathread_request_looking_for_information/j16wtri/
209,Nessie,Loch Ness Monster,560,Somerville,Somerville,MA,02145,145 Middlesex Ave,42.39562,-71.08282,false,,,2026-04-24,Wears a kilt with bagpipes.,https://www.reddit.com/r/traderjoes/comments/z1ez6m/mascot_megathread_request_looking_for_information/
210,Pierre,Peacock,233,Rancho Palos Verdes (Golden Cove),Rancho Palos Verdes,CA,90275,31176 Hawthorne Blvd,33.74933,-118.40668,true,/photos/210.jpg,,2026-04-24,Verified by David's photo 4/22/2026.,https://www.reddit.com/r/traderjoes/comments/z1ez6m/mascot_megathread_request_looking_for_information/
211,Ringo,Ringtail,177,Ahwatukee,Phoenix,AZ,85048,"4025 E Chandler Blvd, Ste 38",33.30313,-111.99487,true,/photos/211.jpeg,,2026-04-24,Store 177.,https://www.reddit.com/r/traderjoes/comments/z1ez6m/mascot_megathread_request_looking_for_information/j1p64cl/
212,Iggy,Iguana,89,Mesa,Mesa,AZ,85204,2050 E Baseline Rd,33.38097,-111.78708,true,/photos/212.jpeg,,2026-04-24,Store 89.,https://www.reddit.com/r/traderjoes/comments/z1ez6m/mascot_megathread_request_looking_for_information/j0ndvbm/
213,Wally,Whale,233,Rancho Palos Verdes (Hawthorne Blvd),Rancho Palos Verdes,CA,90275,31176 Hawthorne Blvd,33.74933,-118.40668,false,,,2026-04-24,,https://www.reddit.com/r/traderjoes/comments/z1ez6m/mascot_megathread_request_looking_for_information/
215,Ruby,Swan,54,Toluca Lake,Toluca Lake,CA,91602,10130 Riverside Dr,34.15191,-118.35193,true,/photos/215.jpg,,2026-04-24,"CURRENT mascot as of April 2026 (replaced Weasley the Tiger). White swan with orange beak, 'TRADER JOE'S RUBY CREW MEMBER' red nametag. Photographed in a pink carry basket.",User-submitted: David (04/22/2026)
216,Comose,Llama,60,Concord,Concord,CA,94520,1150 Concord Ave,37.97922,-122.0564,true,/photos/216.jpg,,2026-04-24,"Playful 'cómo se llama' pun. Light tan with 'TRADER JOE'S COMOSE CREW MEMBER' red nametag, perched on a wooden crate.",User-submitted: David (04/22/2026)
217,Clyde,Gorilla,56,Encino,Encino,CA,91316,17640 Burbank Blvd,34.17179,-118.51777,true,/photos/217.jpg,,2026-04-24,Dark brown gorilla in a pink Hawaiian shirt with butterflies and stars. Red 'CLYDE CREW MEMBER' nametag.,User-submitted: David (04/22/2026)
218,Josie,Octopus,122,Studio City,Studio City,CA,91604,11976 Ventura Blvd,34.14294,-118.39303,true,/photos/218.jpg,,2026-04-24,"Orange/yellow octopus with teal suckers, draped over a chest freezer. 'JOSIE CREW MEMBER' nametag.",User-submitted: David (04/22/2026)
219,Hoppy,Hummingbird,259,Vista,Vista,CA,92083,1861 University Dr,33.17016,-117.21837,true,/photos/219.jpg,Emilie C. & Mookie,2026-04-24,"Male ruby-throated hummingbird (green back, red throat). Perched among Autumnal Harvest jars. 'HOPPY CREW MEMBER' nametag.",User-submitted: David (04/22/2026)
220,Peter,Anteater,111,Campus Dr (Irvine — UCI),Irvine,CA,92612,4225 Campus Dr,33.65047,-117.83751,true,/photos/220.jpg,David G.,2026-04-24,"Store 111. Peter is UCI's resident anteater, hanging around the Campus Dr store. He dresses up for every occasion — pictured here in his 4th of July garb.",User-submitted photo by David G. (Trader Joe's Irvine Campus Dr / UCI #111)
221,Woolly,Woolly Mammoth,31,La Brea (Los Angeles),Los Angeles,CA,90036,263 S La Brea Ave,34.06915,-118.34442,true,/photos/221.jpg,,2026-04-24,"Store 31, 263 S La Brea Ave. This store has TWO mascots — paired with Jake the Shark. Woolly is a brown wooly mammoth with long white tusks.",User-submitted: David (04/23/2026)
222,Jake,Shark,31,La Brea (Los Angeles),Los Angeles,CA,90036,263 S La Brea Ave,34.06915,-118.34442,true,/photos/222.jpg,,2026-04-24,"Store 31, 263 S La Brea Ave. Paired with Woolly the Mammoth — this store has two mascots. Jake is a teal shark Squishmallow-style in a Hawaiian shirt.",User-submitted: David (04/23/2026)
223,Bruce,Shark,49,Riverside Dr North (Sherman Oaks),Sherman Oaks,CA,91423,14119 Riverside Dr,34.15797,-118.44081,true,/photos/223.jpg,,2026-04-24,"Store 49, 14119 Riverside Dr. Gray striped shark. Seen in an Easter basket with bunny ears in the spring — this store dresses Bruce up for holidays.",User-submitted: David (04/23/2026)
224,Ringo,Raccoon,267,Riverside Dr South (Sherman Oaks),Sherman Oaks,CA,91423,14140 Riverside Dr,34.15733,-118.44132,true,/photos/224.jpg,,2026-04-24,"Store 267, 14140 Riverside Dr. Note: different Ringo than Claremont's Ringo the Raccoon (Row 35) — both stores named their raccoon Ringo.",User-submitted: David (04/23/2026)
225,Ollie,Otter,37,Culver Dr (Irvine),Irvine,CA,92604,14443 Culver Dr,33.70616,-117.78842,true,/photos/225.jpg,,2026-04-24,"Store 37, 14443 Culver Dr. Small brown otter in a blue-and-white winter hat and scarf. Note: different Ollie than Long Beach Bellflower's Ollie the Octopus (Row 51).",User-submitted: David (04/23/2026)
226,TJ,Squirrel,746,Raleigh (Wake Forest Rd),Raleigh,NC,27609,3000 Wake Forest Rd,35.82324,-78.62171,true,/photos/226.webp,,2026-04-24,Gray squirrel in a colorful vest with the TRADER JOE'S TJ CREW MEMBER nametag.,User-submitted
227,Woody,Sloth,744,Charlotte (Metropolitan Ave),Charlotte,NC,28204,1133 Metropolitan Ave,35.21178,-80.83563,false,,,2026-04-24,Store 744.,User-submitted
229,TJ,Bear,743,Charlotte (E Arbors Dr / University Area),Charlotte,NC,28262,1820 E Arbors Dr,35.33681,-80.75453,true,/photos/229.webp,,2026-04-24,"Store 743. Teddy bear in a TRADER JOE'S TJ CREW MEMBER shirt, perched on a mushroom under a butterfly.",User-submitted
230,,Elephant,692,Brentwood (Brentwood Promenade),Brentwood,MO,63144,48 Brentwood Promenade Court,38.62733,-90.34123,true,/photos/230.webp,,2026-04-24,Store 692. Gray elephant — name not yet confirmed.,User-submitted
232,Gus,Gecko,775,Pembroke Pines,Pembroke Pines,FL,33026,11960 Pines Blvd,26.00585,-80.31078,true,/photos/232.jpeg,,2026-04-24,Store 775. Gus the Gecko scampers around the Pembroke Pines Florida Trader Joe's.,https://www.reddit.com/r/traderjoes/comments/z1ez6m/mascot_megathread_request_looking_for_information/jqph2rd/
233,Wart,Frog,669,Cincinnati,Cincinnati,OH,45236,7788 Montgomery Rd,39.19733,-84.3817,true,/photos/233.jpeg,,2026-04-24,Store 669. Seen dressed in a Bengals jersey to cheer for the playoffs.,https://www.reddit.com/r/traderjoes/comments/z1ez6m/mascot_megathread_request_looking_for_information/j5cl1cb/
234,Powell,Owl,143,Portland (SE Cesar E. Chavez Blvd),Portland,OR,97202,4715 SE Cesar E. Chavez Blvd,45.48882,-122.62355,true,/photos/234.jpeg,,2026-04-24,"Store 143. Powell is the Portland store’s resident great horned owl, often spotted in seasonal costumes — this month he’s wearing a pink flower crown and a green crochet sweater.",https://www.reddit.com/r/traderjoes/comments/z1ez6m/mascot_megathread_request_looking_for_information/
235,Coco,Cougar,551,Commack,Commack,NY,11725,5900 Jericho Turnpike,40.84033,-73.30749,true,/photos/235.jpeg,,2026-04-24,"Store 551. Identified via an in-store ""WANTED Coco the Cougar"" sign posted to Reddit; no photo confirmed yet.",https://www.reddit.com/r/traderjoes/comments/z1ez6m/mascot_megathread_request_looking_for_information/jjah87d/
237,Chewy,Coyote,17,Silver Lake (Los Angeles — Hyperion),Los Angeles,CA,90027,2738 Hyperion Ave,34.10764,-118.27157,true,/photos/237.png,,2026-04-24,Store 17. Chewy keeps watch over the Silver Lake store on Hyperion Ave. Silver Lake crew dress him in holiday costumes — Halloween brings out his pumpkin outfit (or his Dracula cape).,https://www.instagram.com/p/CVt1OAEpVLL/
238,Rosie,Monkey,179,Pasadena (Lake Avenue),Pasadena,CA,91101,345 S Lake Ave,34.14005,-118.13291,true,/photos/238.png,,2026-04-24,"Store 179. Rosie loves hanging around the Lake Avenue store in Pasadena. Often spotted helping with Valentine’s Day photo ops. Fun fact: Pasadena is home to the very first Trader Joe’s (#51), opened in 1967.",https://www.instagram.com/p/CLTLILdJAFk/
239,Percival,Parrot,766,Tampa (S Swann Ave),Tampa,FL,33609,3808 W Swann Ave,27.93727,-82.50633,false,,,2026-04-24,"Store 766. Percival is the Tampa store's resident pirate parrot, introduced with brand-new signage in June 2022.",https://www.instagram.com/p/Ce1Y9NFgdbb/
240,Grizzly Joe,Brown bear,655,Pikesville,Pikesville,MD,21208,1809 Reisterstown Rd,39.38813,-76.73609,true,/photos/240.png,,2026-04-24,"Store 655. Grizzly Joe is the Pikesville store’s brown bear, usually spotted in safari gear with his binoculars.",https://www.instagram.com/p/CPRjeEmJLhE/
241,Pedro,Pigeon,539,SoHo (NYC),New York,NY,10013,233 Spring Street,40.72567,-74.00473,true,/photos/241.jpg,,2026-04-24,Store 539. Pedro is the SoHo store’s second pigeon — lives alongside Petra at 233 Spring St.,https://www.instagram.com/p/C1uzT4PvuDx/
242,River,Raccoon,546,East Village (NYC — E 14th St),New York,NY,10009,436 East 14th St,40.73045,-73.981,true,/photos/242.png,,2026-04-24,Store 546. River the Raccoon lives alongside Beary the Polar Bear at the East Village NYC store — a proper pair.,https://www.instagram.com/p/C1uzT4PvuDx/
244,Danny,Dolphin,34,Manhattan Beach (Manhattan Beach Blvd),Manhattan Beach,CA,90266,1821 Manhattan Beach Blvd,33.88764,-118.37989,true,/photos/244.png,,2026-04-24,Store 34. Danny the Dolphin and his baby live together at the Manhattan Beach Blvd store — a father-and-child duo. (Not to be confused with the other Danny the Dolphin at the Ashburn VA store.),https://www.instagram.com/p/COMGIRXp9np/
246,Carlo,Monkey,75,Santa Rosa,Santa Rosa,CA,95403,3225 Cleveland Ave,38.47355,-122.7323,true,/photos/246.jpg,,2026-04-24,Store 75. Carlo the Monkey greets every customer at the Santa Rosa store.,https://app.carlos.plus/Extras/Bay-Area-TJs
247,Trader Gator,Alligator,236,Stonestown (San Francisco — Winston Dr),San Francisco,CA,94132,265 Winston Dr,37.72665,-122.47631,true,/photos/247.jpg,,2026-04-24,"Store 236. Trader Gator the Alligator keeps a wary eye on shoppers at the Stonestown Galleria store, near SFSU.",https://app.carlos.plus/Extras/Bay-Area-TJs
248,Katherine Rae,Bear,200,Nob Hill (San Francisco — Hyde St),San Francisco,CA,94109,1095 Hyde St,37.79065,-122.41799,true,/photos/248.jpg,,2026-04-24,Store 200. Katherine Rae the Bear presides over the Nob Hill Trader Joe's on Hyde Street.,https://app.carlos.plus/Extras/Bay-Area-TJs
249,Marko,Gnome,225,Downtown San Francisco (4th Street),San Francisco,CA,94103,10 4th Street,37.78533,-122.40567,true,/photos/249.jpg,,2026-04-24,"Store 225. Marko is the 4th Street store’s gnome, sporting a pink sequined cap and a rainbow bead necklace.",https://app.carlos.plus/Extras/Bay-Area-TJs
250,Sun,Sun,74,Daly City,Daly City,CA,94015,417 Westlake Center,37.7,-122.48224,true,/photos/250.jpg,,2026-04-24,Store 74. The Sun beams down over the Daly City store — a handmade felt sun with its own name tag.,https://app.carlos.plus/Extras/Bay-Area-TJs
252,Rosie,Otter,61,San Rafael,San Rafael,CA,94901,337 3rd St,37.96954,-122.51647,true,/photos/252.jpg,,2026-04-24,"Store 61. Rosie the Otter is the current San Rafael mascot — she took over from Ronnie the Donkey, who retired.",https://app.carlos.plus/Extras/Bay-Area-TJs
253,Rob,Owl,235,Greenbrae (Marin — Redwood Hwy),Greenbrae,CA,94904,2052 Redwood Hwy,37.93786,-122.51496,true,/photos/253.jpg,,2026-04-24,Store 235. Rob is one of the three Greenbrae mascots — a small sleepy owl — alongside Flick the Lark and Robin.,https://app.carlos.plus/Extras/Bay-Area-TJs
254,Robin,Owl,235,Greenbrae (Marin — Redwood Hwy),Greenbrae,CA,94904,2052 Redwood Hwy,37.93786,-122.51496,true,/photos/254.jpg,,2026-04-24,Store 235. Robin rounds out the Greenbrae trio — a larger spotted owl — alongside Flick the Lark and Rob.,https://app.carlos.plus/Extras/Bay-Area-TJs
255,Cirby,Train,80,Roseville (Roseville Square),Roseville,CA,95678,1117 Roseville Square,38.74629,-121.27489,true,/photos/255.jpg,,2026-04-24,"Store 80. Cirby the little green train engine keeps watch from above the registers — named after Cirby Way, the road that runs past the store.",https://www.instagram.com/p/
256,Plantain,Monkey,605,Paramus,Paramus,NJ,07652,404 Rt 17 N,40.94832,-74.07059,true,/photos/256.jpg,,2026-04-24,Store 605. Plantain the Monkey holds court at Paramus in his favorite banana-leaf Hawaiian shirt and safari khakis.,https://www.instagram.com/p/
257,Mandy,Chicken,9,Modesto,Modesto,CA,95356,3250 Dale Road,37.68717,-121.04941,true,/photos/257.jpg,,2026-04-24,Store 9. Mandy the Chicken presides over Modesto with a proud red bandana — a nod to Trader Joe's legendary Mandarin Orange Chicken. (Not to be confused with Mandy the Monkey down at Costa Mesa.),https://www.instagram.com/p/
258,Melvin,Horse,738,Germantown,Germantown,TN,38138,"2130 Exeter Rd., Suite 101",35.09078,-89.80117,true,/photos/258.jpg,,2026-04-24,Store 738. Melvin the Horse trots around Germantown with his signature red bandana — photographed keeping an eye on the butternut squash harvest.,https://www.reddit.com/r/traderjoes
259,Kobe,Goat,206,Hollywood (1600 N Vine St),Los Angeles,CA,90028,1600 N Vine St,34.10038,-118.32606,true,/photos/259.jpg,,2026-04-24,"Store 206. Kobe the Goat lives at the Hollywood Vine Street store, showing up in his favorite blue floral Hawaiian shirt. His name is a wink to the greatest Laker of them all — a fitting tribute from right down the road from Staples Center.",https://www.tiktok.com/discover/kobe-the-goat-trader-joes-hollywood
260,Tony,Tiger,674,Royal Oak,Royal Oak,MI,48067,27880 Woodward Ave,42.49541,-83.16369,true,/photos/260.jpg,,2026-04-24,"Store 674. Tony the Tiger presides over Royal Oak — a little tiger plush dressed up in various costumes through the year (Spider-Man, Lions jerseys, you name it). Name's a wink to Kellogg's, naturally.",
261,,Monkey,29,Torrance (Rolling Hills Plaza),Torrance,CA,90505,2545 Pacific Coast Hwy,33.79064,-118.33019,true,/photos/261.jpg,,2026-04-24,"Store 29. A brown monkey keeps watch over the aisles from atop a refrigerator at Rolling Hills Plaza, with the big painted sea-dragon mural as a backdrop. Name not known yet — if this is your store, help us name them!",
265,Kyle,Coyote,254,Calabasas,Calabasas,CA,91302,23741 Calabasas Rd.,34.15567,-118.64498,false,,,2026-04-24,"Store 254. Kyle the Coyote prowls the Calabasas Trader Joe's — spot him hiding somewhere in the aisles, tell a crew member, and you'll get a lollipop at checkout.",https://www.instagram.com/p/C1uzT4PvuDx/
266,Mr Bananas,Monkey,605,Paramus,Paramus,NJ,07652,404 Rt 17 N,40.94832,-74.07059,false,,,2026-04-24,Store 605. Mr Bananas is the other Paramus monkey — Plantain's companion. Two monkeys in one store: more scavenger-hunting for the kids.,https://www.instagram.com/p/CKKuXiChgNy/
267,Bridget,Troll,571,Bridgemarket (Manhattan — 59th Street),New York,NY,10022,405 E. 59th Street,40.75966,-73.96154,false,,,2026-04-24,"Store 571. Bridget the Troll presides over the 59th Street Bridgemarket Trader Joe's, tucked beneath the Queensboro Bridge — a pun so good it hurts.",https://www.instagram.com/p/C1uzT4PvuDx/
269,,Shark,196,Thousand Oaks,Thousand Oaks,CA,91360,451 Avenida De Los Arboles,34.21899,-118.86907,false,,,2026-04-24,"A Shark mascot guards the Thousand Oaks Trader Joe's. Exact store and name TBD — two TJ's in Thousand Oaks (stores 196 & 243). If you know which one, submit!",https://www.instagram.com/p/C1uzT4PvuDx/
272,Sox,Monkey,136,Vancouver (Chkalov),Vancouver,WA,98683,305 SE Chkalov Dr,45.61953,-122.5532,false,,,2026-04-24,"Store 136. Sox the Monkey swings around the Vancouver, WA Trader Joe's — named for the sock-like markings on his paws. (Often spelled 'Socks', but the store's chalkboard spells it 'Sox'.)",https://www.instagram.com/p/C1uzT4PvuDx/
284,Herman,Shark,552,Oceanside (Long Island),Oceanside,NY,11572,3418 Long Beach Rd,40.62681,-73.6411,true,/photos/284.jpg,,2026-04-24,"Store 552. Herman the Shark, a big grey-and-white fellow, is the senior half of the Oceanside Long Island shark duo — paired with little pink Shirley.",https://www.reddit.com/r/traderjoes/
285,Shirley,Shark,552,Oceanside (Long Island),Oceanside,NY,11572,3418 Long Beach Rd,40.62681,-73.6411,true,/photos/285.jpg,,2026-04-24,Store 552. Shirley the Shark is the tiny pink junior half of the Oceanside Long Island shark duo — paired with big grey Herman.,https://www.reddit.com/r/traderjoes/
297,Freddie,Frog,132,Kirkland (Totem Lake),Kirkland,WA,98034,"12520 Totem Lake Blvd NE, Suite 116",47.71145,-122.17999,true,/photos/297.jpg,,2026-04-24,Store 132. Freddie the Frog hops around the Totem Lake Kirkland Trader Joe's.,https://www.reddit.com/r/traderjoes/
307,Mochi,Bear,525,Danbury,Danbury,CT,06811,113 Mill Plain Rd,41.39321,-73.5215,true,/photos/307.jpg,,2026-04-24,Store 525. Mochi is the current Danbury Trader Joe's mascot. (Schmoopy the Monkey retired — and Pickles the Monkey also makes appearances.),https://www.reddit.com/r/traderjoes/
308,Alfie,Wolf,82,Reno,Reno,NV,89502,5035 S McCarran Blvd,39.47879,-119.78399,true,/photos/308.jpg,,2026-04-24,Store 82. Alfie the Wolf howls over the Reno Trader Joe's — a tribute to the University of Nevada's wolf pack.,https://www.reddit.com/r/traderjoes/
311,Percy,Peregrine Falcon,600,South Bend,South Bend,IN,46617,1140 East Howard,41.68811,-86.23352,true,/photos/311.jpg,,2026-04-24,"Store 600. Percy and Perry — the Peregrine Falcon duo of South Bend, Indiana. They don't always wear their name tags, so the cashiers joke they're off the clock.",https://www.reddit.com/r/traderjoes/
312,Perry,Peregrine Falcon,600,South Bend,South Bend,IN,46617,1140 East Howard,41.68811,-86.23352,true,/photos/312.jpg,,2026-04-24,"Store 600. Perry is the other half of South Bend's peregrine falcon duo, alongside Percy.",https://www.reddit.com/r/traderjoes/
316,Confetti,Yeti,158,Silverdale,Silverdale,WA,98383,9991 Mickelberry Rd,47.65543,-122.68316,true,/photos/316.jpg,,2026-04-24,Store 158. Confetti the Yeti brings the party to the Silverdale Washington Trader Joe's.,https://www.reddit.com/r/traderjoes/
318,Charlie,Catamount,527,South Burlington,South Burlington,VT,05403,200 Dorset St,44.46364,-73.1804,true,/photos/318.jpg,,2026-04-24,Store 527. Charlie the Catamount prowls the South Burlington Trader Joe's — a nod to the University of Vermont's mountain lion mascot (even though wild catamounts no longer roam Vermont).,https://www.reddit.com/r/traderjoes/
330,Sue,T-Rex,706,Chicago (South Loop),Chicago,IL,60615,1528 E 55th Street,41.7964,-87.58838,true,/photos/330.jpg,,2026-04-24,Store 706. Sue the T-Rex stomps through the Chicago South Loop Trader Joe's — a roaring tribute to the Field Museum's famous tyrannosaurus.,https://www.reddit.com/r/traderjoes/
336,Pickles,Squirrel,697,Oak Park,Oak Park,IL,60301,483 N Harlem Ave,41.89028,-87.80479,false,,,2026-04-24,Store 697. Pickles the Squirrel rules the Oak Park Illinois Trader Joe's — usually in a Hawaiian shirt and nametag. Photo needed.,https://www.reddit.com/r/traderjoes/
342,Winni,Deer,562,Bedford,Bedford,NH,03110,2 Market Street,42.95373,-71.47722,true,/photos/342.jpg,,2026-04-24,Store 562. Winni is the current Bedford New Hampshire mascot — the buck pair named 'Chuck' (2 Bucks named Chuck) apparently went to the North Pole to retire.,https://www.reddit.com/r/traderjoes/
351,Marvin,Moose,715,Woodbury,Woodbury,MN,55125,"8960 Hudson Rd., Ste. 801",44.94573,-92.92267,true,/photos/351.jpg,,2026-04-24,Store 715. Marvin the Moose is paired with his wife Maevis at the Woodbury Minnesota Trader Joe's — a two-mascot store.,https://www.reddit.com/r/traderjoes/
352,Maevis,Moose,715,Woodbury,Woodbury,MN,55125,"8960 Hudson Rd., Ste. 801",44.94573,-92.92267,true,/photos/352.jpg,,2026-04-24,Store 715. Maevis the Moose is Marvin's wife — the other half of the Woodbury Minnesota moose duo.,https://www.reddit.com/r/traderjoes/
358,Rodeo,Longhorn,453,Austin (Rollingwood / Bee Cave),Austin,TX,78746,2805 Bee Cave Rd,30.27013,-97.78981,true,/photos/358.jpg,,2026-04-24,Store 453. Rodeo watches over the Austin-Rollingwood Trader Joe's on Bee Cave Road — Texas through and through.,https://www.reddit.com/r/traderjoes/
359,Chip,Beaver,141,Beaverton (Town Center),Beaverton,OR,97005,11753 SW Beaverton Hillsdale Hwy,45.48797,-122.7976,true,/photos/359.jpg,,2026-04-24,Store 141. Chip the Beaver leads Beaverton Town Square's three-mascot team — a perfect pun for Beaverton — alongside Rexy the Dog and Clarice the Sheep.,https://www.reddit.com/r/traderjoes/
360,Rexy,Dog,141,Beaverton (Town Center),Beaverton,OR,97005,11753 SW Beaverton Hillsdale Hwy,45.48797,-122.7976,true,/photos/360.jpg,,2026-04-24,"Store 141. Rexy the Dog — part of Beaverton Town Center's three-mascot team, alongside Chip the Chipmunk and Clarice the Sheep.",https://www.reddit.com/r/traderjoes/
361,Clarice,Sheep,141,Beaverton (Town Center),Beaverton,OR,97005,11753 SW Beaverton Hillsdale Hwy,45.48797,-122.7976,true,/photos/361.jpg,,2026-04-24,Store 141. Clarice the Sheep rounds out the Beaverton Town Center trio — rare triple-mascot store — with Chip and Rexy.,https://www.reddit.com/r/traderjoes/
362,Parrot Joe,Parrot,131,Bellevue,Bellevue,WA,98007,15563 NE 24th St,47.63076,-122.13343,true,/photos/362.jpg,,2026-04-24,Store 131. Parrot Joe squawks around the downtown Bellevue Trader Joe's.,https://www.reddit.com/r/traderjoes/
363,Cobba,Unknown,120,Eastlake (Chula Vista),Chula Vista,CA,91914,"878 Eastlake Pkwy, Ste 810",32.65132,-116.97039,true,/photos/363.jpg,,2026-04-24,"Store 120. Cobba watches over the TJ Eastlake Chula Vista store — the employees confirmed his name, though his sign is hard to find.",https://www.reddit.com/r/traderjoes/
365,Norm,Gnome,168,Garden Home (Portland),Portland,OR,97223,7215 SW Garden Home Road,45.46617,-122.75088,false,,,2026-04-24,"Norm the Gnome is the mascot at a small Portland Trader Joe's — size of two convenience stores spliced together. Likely the Garden Home Road location (#168). If you shop here, submit a photo to confirm!",https://www.pdxmonthly.com/eat-and-drink/2021/11/portland-trader-joes-ranked
366,Max,Monkey,671,Castleton (Indianapolis),Indianapolis,IN,46250,5473 E 82nd St,39.90371,-86.07518,true,/photos/366.webp,,2026-04-24,Store 671. Max the green monkey perches on a shelf at the Indianapolis Castleton Trader Joe's with his Crew Member nametag.,User-submitted photo (Trader Joe's Indianapolis Castleton #671)
367,Percy,Panda,43,Long Beach (PCH),Long Beach,CA,90803,6451 E Pacific Coast Hwy,33.75766,-118.10893,true,/photos/367.jpg,Jason D.,2026-04-24,Store 43. Percy the Panda perches at the Long Beach Pacific Coast Hwy Trader Joe's. Photo submitted by Jason D.,User-submitted photo by Jason D. (Trader Joe's Long Beach PCH #43)
368,Bixby,Beagle,116,Bixby Knolls (Long Beach),Long Beach,CA,90807,4210 Long Beach Blvd,33.83554,-118.18844,true,/photos/368.jpg,Andy K.,2026-04-26,"Bixby the Beagle keeps watch over the Bixby Knolls store, a fluffy tan-and-white pup in a tropical Hawaiian shirt perched among the granola. Red 'BIXBY CREW MEMBER' nametag.",User-submitted: Andy K (04/26/2026)
369,Cal,Bear,186,Berkeley,Berkeley,CA,94703,1885 University Ave,37.87193,-122.27331,true,/photos/369.jpg,,2026-04-26,Cal the golden-brown bear sports a blue-and-gold Cal Berkeley knit sweater (the Cal Golden Bears mascot). Usually spotted perched atop the Fresh Ground Coffee grinder.,https://app.carlos.plus/Extras/Bay-Area-TJs
370,Cindy,Scarecrow,61,San Rafael,San Rafael,CA,94901,337 3rd St,37.96954,-122.51647,true,/photos/370.jpg,,2026-04-26,"Cindy the Scarecrow is the San Rafael store's seasonal helper — wearing a red brimmed hat, floral shirt, and patched denim overalls with a 'CINDY CREW MEMBER' nametag. Comes out among the autumn gourds and Pumpkin Spice cans in the fall.",https://app.carlos.plus/Extras/Bay-Area-TJs
371,Gull,Seabird,19,North Beach (San Francisco — Bay Street),San Francisco,CA,94133,401 Bay St,37.80552,-122.41374,true,/photos/371.jpg,,2026-04-26,"A hand-carved wooden seabird in a denim vest, perched above the iconic in-store Golden Gate Bridge model. The Bay Street store's resident sea-creature, alongside Patrick the Shark.",https://app.carlos.plus/Extras/Bay-Area-TJs
